{
    "loss": 11.478302001953125,
    "accuracy": 0.6907921433448792
}