{
    "loss": 11.338653564453125,
    "accuracy": 0.6340972781181335
}